<configuration>
    <appender name="STDOUT" class="ch.qos.logback.core.ConsoleAppender">
        <encoder>
            <pattern>%d{HH:mm:ss.SSS} [%thread] %-5level %logger{36} - %msg%n</pattern>
        </encoder>
    </appender>

    <appender name="FILE" class="ch.qos.logback.core.FileAppender">
        <file>application.log</file>
        <encoder>
            <pattern>%d{HH:mm:ss.SSS} [%thread] %-5level %logger{36} - %msg%n</pattern>
        </encoder>
    </appender>

    <root level="DEBUG">
        <appender-ref ref="STDOUT" />
        <appender-ref ref="FILE" />
    </root>

    <root level="INFO">
        <appender-ref ref="STDOUT" />
        <appender-ref ref="FILE" />
    </root>

    <root level="WARN">
        <appender-ref ref="STDOUT" />
        <appender-ref ref="FILE" />
    </root>

    <root level="ERROR">
        <appender-ref ref="STDOUT" />
        <appender-ref ref="FILE" />
    </root>

    <root level="FATAL">
        <appender-ref ref="STDOUT" />
        <appender-ref ref="FILE" />
    </root>
</configuration>